Country,Year,Climate_Index,Corruption_Perception,Crime_Rate,Education_Index,Employment_Rate,Freedom,GDP_per_Capita,Generosity,Happiness_Score,Healthy_Life_Expectancy,Income_Inequality,Internet_Access,Life_Satisfaction,Mental_Health_Index,Political_Stability,Population,Public_Health_Expenditure,Public_Trust,Social_Support,Unemployment_Rate,Urbanization_Rate,Work_Life_Balance
Australia,2005,64.56533333333333,0.5173333333333333,44.34133333333333,0.778,72.10866666666668,0.372,28886.978,0.18133333333333332,5.430666666666666,68.12866666666667,41.165333333333336,71.75066666666666,5.685333333333333,74.25533333333333,0.5526666666666668,703706709.9333333,5.525333333333333,0.5126666666666667,0.5286666666666666,11.041333333333334,59.47866666666667,6.286666666666666
Australia,2006,69.65944444444443,0.4494444444444444,47.636111111111106,0.7366666666666667,73.49055555555555,0.495,28936.431111111113,0.10055555555555555,6.030555555555555,63.464999999999996,36.85722222222223,67.40055555555556,6.388333333333334,75.43,0.5161111111111111,784568505.5555556,5.838333333333334,0.4811111111111111,0.6772222222222222,8.17611111111111,61.44111111111111,5.902222222222222
Australia,2007,66.7390909090909,0.4872727272727273,46.93863636363637,0.7804545454545455,73.95363636363636,0.5295454545454545,36317.62545454546,0.16727272727272727,5.6,65.91181818181818,38.91,68.86954545454546,6.788636363636363,71.36272727272727,0.5645454545454546,685490048.5454545,6.015000000000001,0.53,0.505,9.251818181818182,64.54454545454546,5.9372727272727275
Australia,2008,59.65111111111111,0.48055555555555557,47.99055555555556,0.6966666666666667,69.65833333333333,0.6166666666666667,27944.319444444445,0.17,5.868888888888889,69.02111111111111,33.376666666666665,73.64888888888889,6.635555555555555,60.281666666666666,0.6583333333333333,839898764.3888888,6.148333333333333,0.5299999999999999,0.4677777777777778,13.337222222222222,64.13055555555555,5.455
Australia,2009,55.75190476190476,0.549047619047619,37.24523809523809,0.7566666666666667,73.11904761904762,0.5747619047619048,29764.803809523808,0.08857142857142856,5.182857142857143,69.34666666666666,47.19428571428572,69.60190476190476,6.563333333333334,66.83904761904762,0.4861904761904762,632592128.0952381,6.183809523809525,0.43666666666666665,0.5247619047619048,11.704761904761906,60.68952380952381,6.234285714285714
Australia,2010,69.45882352941176,0.4547058823529411,41.15117647058823,0.6641176470588236,69.15411764705881,0.4223529411764706,32595.77529411765,0.1411764705882353,5.082352941176471,67.01235294117647,38.43705882352941,66.86705882352942,6.039411764705882,64.11176470588236,0.38882352941176473,609035281.7058823,5.174705882352941,0.5876470588235294,0.5052941176470588,9.86470588235294,52.25764705882353,4.9670588235294115
Australia,2011,63.2995,0.4615,55.04299999999999,0.7595,73.9325,0.35150000000000003,27194.172,0.1635,5.8115000000000006,65.7875,41.132,70.24600000000001,6.7675,68.6335,0.44699999999999995,696500731.25,5.627000000000001,0.533,0.4795,12.1605,63.534000000000006,5.7170000000000005
Australia,2012,69.405,0.3875,46.64375,0.69875,79.886875,0.470625,27783.71625,0.166875,5.3618749999999995,71.84,37.744375,71.643125,6.61125,71.1525,0.44875,615969768.0625,5.875,0.58375,0.464375,10.64875,67.758125,6.051875
Australia,2013,65.13611111111112,0.4905555555555556,41.275555555555556,0.8055555555555556,75.19666666666666,0.505,28815.04388888889,0.155,5.206111111111111,66.66222222222223,49.016666666666666,61.39444444444444,6.88,60.73055555555556,0.5566666666666666,852763771.0555556,6.5216666666666665,0.5944444444444444,0.45444444444444443,11.704444444444444,54.74888888888889,5.617777777777778
Australia,2014,67.3435294117647,0.4388235294117647,50.800000000000004,0.7517647058823529,72.94882352941177,0.4594117647058824,30691.124117647058,0.12058823529411763,5.95,73.61411764705883,42.910000000000004,62.089999999999996,6.4417647058823535,73.83176470588236,0.6670588235294117,777097469.6470588,6.005294117647059,0.44764705882352945,0.5117647058823529,10.176470588235293,58.50411764705883,6.051764705882353
Australia,2015,62.29222222222222,0.35888888888888887,45.77166666666667,0.7483333333333334,78.9361111111111,0.48666666666666664,30829.800000000003,0.17222222222222222,5.2716666666666665,71.19444444444444,37.71,67.47,6.668333333333333,73.52333333333334,0.4883333333333333,772767935.5,6.496666666666666,0.41333333333333333,0.4027777777777778,10.476111111111111,58.076666666666675,6.787777777777778
Australia,2016,63.6759375,0.51375,51.0525,0.7675,71.3965625,0.5428125,33027.294375,0.1746875,5.8340625,72.1971875,38.9825,66.4859375,6.2875,72.0053125,0.420625,803311808.5,6.2084375,0.46,0.55375,11.4646875,62.2459375,6.0734375
Australia,2017,70.3852380952381,0.529047619047619,48.703809523809525,0.7528571428571429,73.06285714285714,0.4990476190476191,31682.802857142855,0.11952380952380952,5.4609523809523814,69.88190476190476,39.32238095238095,73.30571428571429,7.170476190476191,68.36476190476189,0.4819047619047619,762197041.5238096,5.951904761904761,0.4714285714285714,0.5057142857142857,13.525238095238095,57.17333333333334,5.848571428571428
Australia,2018,63.13,0.4747368421052631,40.247368421052634,0.7747368421052632,77.06105263157895,0.5657894736842105,28365.095789473682,0.1310526315789474,5.644210526315789,71.12421052631578,34.10578947368421,68.90526315789474,6.761578947368421,77.00842105263159,0.6068421052631578,948987544.7368422,5.8178947368421055,0.46842105263157896,0.6047368421052631,9.329473684210527,56.11684210526316,6.201052631578947
Australia,2019,70.95666666666666,0.5126666666666667,42.29333333333333,0.728,80.86266666666667,0.3893333333333333,31550.034666666666,0.192,5.537999999999999,69.35066666666667,39.48866666666666,68.40066666666667,6.244,69.25266666666667,0.5559999999999999,807204668.9333333,6.604666666666668,0.6639999999999999,0.4093333333333333,11.029333333333334,53.415333333333336,5.8133333333333335
Australia,2020,64.55199999999999,0.4152,42.276,0.7108,77.3696,0.5388000000000001,33011.0328,0.1532,5.1536,70.1336,41.3932,61.806400000000004,6.8996,70.5224,0.4984,796054948.48,6.2884,0.5988,0.4904,12.5156,60.898,5.9688
Australia,2021,64.52727272727272,0.4818181818181818,35.965,0.7531818181818182,69.57545454545455,0.505909090909091,29034.373636363634,0.11954545454545454,5.719545454545455,66.08318181818181,44.46090909090909,64.66545454545454,6.657727272727272,69.82954545454545,0.5863636363636364,755191737.6363636,6.066818181818181,0.5677272727272727,0.6031818181818182,9.950909090909091,58.25,6.3568181818181815
Australia,2022,62.51333333333333,0.4695833333333333,49.13958333333333,0.7312500000000001,73.06166666666667,0.6091666666666666,36549.88291666666,0.18375,5.105833333333333,71.79541666666667,40.58291666666667,66.39208333333333,6.4504166666666665,65.54625,0.45541666666666664,506759350.0,6.051666666666667,0.52,0.53625,11.461666666666666,65.17916666666666,5.2195833333333335
Australia,2023,68.9578947368421,0.5310526315789473,40.01,0.7578947368421053,71.95473684210526,0.47105263157894733,30973.13473684211,0.10421052631578948,6.060526315789474,70.77157894736843,40.113684210526316,70.67210526315789,6.676842105263158,67.76473684210526,0.5521052631578948,715833221.7368422,5.82,0.5236842105263158,0.5563157894736842,8.879473684210527,56.13,6.193684210526317
Australia,2024,65.16695652173912,0.3991304347826087,44.47521739130435,0.6939130434782609,75.26782608695653,0.4186956521739131,33516.64913043478,0.1282608695652174,5.836521739130435,70.42,39.03521739130434,65.37608695652175,6.580869565217392,72.11782608695653,0.5456521739130435,669866976.4347826,5.831304347826087,0.371304347826087,0.48782608695652174,11.400434782608695,60.595652173913045,6.4195652173913045
Brazil,2005,65.52473684210527,0.3773684210526316,38.787894736842105,0.8010526315789473,78.04473684210525,0.39999999999999997,24775.36894736842,0.26105263157894737,5.28842105263158,62.76052631578948,37.300526315789476,69.01,7.126842105263158,65.27473684210527,0.43210526315789477,648474835.6842105,5.892631578947369,0.43631578947368416,0.4163157894736842,11.052631578947368,60.323684210526324,5.3373684210526315
Brazil,2006,63.64409090909091,0.42454545454545456,46.482727272727274,0.799090909090909,77.49181818181818,0.41545454545454547,33832.171363636364,0.11818181818181818,5.734090909090909,66.01136363636364,37.08909090909091,63.06454545454546,6.544545454545454,66.86863636363636,0.4022727272727273,712764839.8181819,5.819090909090909,0.4895454545454545,0.38181818181818183,11.257272727272728,65.80045454545456,5.920000000000001
Brazil,2007,60.51333333333333,0.5185185185185185,45.580740740740744,0.804074074074074,74.37777777777778,0.5281481481481481,28355.005555555555,0.10444444444444444,5.554444444444444,69.04333333333334,41.60296296296296,67.47592592592592,5.894074074074074,70.08333333333333,0.42925925925925923,603794326.5555556,5.176666666666667,0.5314814814814814,0.43222222222222223,11.110000000000001,61.87888888888889,6.503333333333334
Brazil,2008,63.65,0.5071428571428571,33.64714285714286,0.7185714285714286,72.71571428571428,0.5107142857142858,28699.27928571429,0.13428571428571429,5.866428571428571,69.57071428571429,39.37285714285714,66.78571428571429,6.372857142857143,72.92071428571428,0.455,787343478.5,5.7128571428571435,0.5521428571428572,0.5135714285714286,10.206428571428571,62.550714285714285,6.328571428571428
Brazil,2009,64.92647058823529,0.4829411764705882,42.455882352941174,0.7382352941176471,69.73588235294118,0.4758823529411765,40431.55764705882,0.2076470588235294,5.412941176470588,67.77117647058824,37.184705882352944,71.16823529411765,6.289411764705882,62.89058823529411,0.5135294117647059,738594289.0588236,5.814117647058824,0.4329411764705883,0.54,12.293529411764707,61.1235294117647,5.964117647058823
Brazil,2010,62.980624999999996,0.410625,40.280625,0.785625,71.61125,0.563125,28622.635,0.09937499999999999,5.4875,61.570625,41.82625,70.0975,6.838125,66.6675,0.536875,846366301.1875,6.4193750000000005,0.3825,0.545,11.775625,57.39375,6.03125
Brazil,2011,60.19,0.5776,44.124399999999994,0.728,72.00399999999999,0.4864,31738.67,0.1528,5.1776,66.9508,41.202799999999996,64.8944,6.5756,67.2856,0.502,655396372.92,5.929600000000001,0.5496,0.4292,11.4312,64.3008,5.7076
Brazil,2012,64.2676,0.5136,41.791199999999996,0.7876000000000001,72.5972,0.4376,30831.942799999997,0.1616,5.6324000000000005,66.49600000000001,40.0236,72.3172,6.6979999999999995,69.00399999999999,0.6252,854976554.32,5.598,0.39039999999999997,0.452,11.286,58.855599999999995,6.034400000000001
Brazil,2013,72.59214285714286,0.5128571428571428,39.11857142857143,0.7807142857142857,72.1842857142857,0.43714285714285717,23297.073571428573,0.15214285714285714,5.531428571428571,67.17142857142858,39.200714285714284,60.71714285714285,6.21,72.02357142857143,0.5971428571428571,1016456568.2857143,7.227857142857142,0.5342857142857144,0.4921428571428571,9.782142857142857,56.23857142857143,6.086428571428572
Brazil,2014,64.64052631578947,0.5557894736842105,39.00105263157894,0.7626315789473684,73.79736842105264,0.5184210526315789,27232.157894736843,0.15473684210526314,5.660526315789474,69.23368421052632,42.41421052631579,65.96894736842106,7.437368421052632,63.69631578947369,0.44421052631578944,631729357.2631578,6.41,0.5863157894736842,0.3452631578947368,12.119473684210528,59.9542105263158,6.169473684210526
Brazil,2015,72.69318181818181,0.3154545454545455,47.33181818181818,0.7631818181818182,77.4309090909091,0.5295454545454545,32077.410454545457,0.16,5.752272727272727,68.78772727272727,38.17318181818182,67.77,6.550909090909091,68.44045454545454,0.4318181818181818,627716987.2727273,6.7304545454545455,0.5318181818181817,0.5281818181818182,11.502727272727272,63.55136363636363,5.865
Brazil,2016,62.989999999999995,0.615,43.354,0.6980000000000001,75.579,0.48200000000000004,38981.727,0.145,4.775,65.848,41.311,69.053,6.309,63.092000000000006,0.331,761423210.4,5.193,0.484,0.549,12.482000000000001,68.1,6.239
Brazil,2017,69.58842105263159,0.5178947368421053,38.68263157894737,0.7278947368421053,76.79842105263158,0.5347368421052632,31511.98789473684,0.10999999999999999,5.296842105263158,66.19947368421053,38.811052631578946,63.631052631578946,6.342631578947369,65.73421052631579,0.5357894736842105,982750655.3157895,5.305789473684211,0.4963157894736842,0.5031578947368421,11.193157894736842,63.86578947368421,5.977894736842106
Brazil,2018,67.148,0.538,43.781333333333336,0.7313333333333334,74.00866666666667,0.6373333333333334,26097.42666666667,0.11866666666666667,4.905333333333333,69.67866666666667,42.35,62.39333333333333,6.640666666666666,77.18333333333334,0.494,478617751.26666665,5.522666666666667,0.324,0.5173333333333333,12.790666666666668,62.46,5.977333333333333
Brazil,2019,61.954,0.5483333333333333,40.48566666666667,0.7859999999999999,76.12333333333332,0.458,28542.03566666667,0.2076666666666667,5.026333333333333,68.51866666666666,39.39866666666667,63.372,6.4350000000000005,72.57366666666667,0.5516666666666666,595852123.7666667,6.442333333333334,0.46033333333333337,0.588,13.256333333333334,56.193333333333335,6.338333333333334
Brazil,2020,62.209500000000006,0.526,47.905,0.712,73.923,0.623,31861.996000000003,0.1315,5.763,69.3775,38.642,68.3745,5.68,75.94500000000001,0.4165,652747874.7,6.468500000000001,0.4955,0.5469999999999999,10.716,61.621,6.259
Brazil,2021,61.7575,0.5015625,51.7021875,0.7240625,74.9246875,0.469375,30568.93375,0.131875,5.6009375,63.966875,41.5840625,68.2665625,6.8778125,69.639375,0.4615625,658011397.5,6.36875,0.5115625,0.57,10.585,58.8090625,6.0003125
Brazil,2022,60.183125000000004,0.515625,43.333125,0.79,75.83625,0.63875,36086.13125,0.14875,5.57625,68.191875,43.098125,67.668125,6.77625,74.85187499999999,0.441875,759181167.4375,5.713125,0.564375,0.5700000000000001,10.445,49.368125,6.0075
Brazil,2023,61.51095238095238,0.490952380952381,41.018095238095235,0.7961904761904761,78.20761904761905,0.43809523809523804,34811.409523809525,0.17714285714285713,5.552380952380952,67.49857142857142,41.833333333333336,66.37142857142857,6.567142857142857,67.21761904761904,0.5266666666666667,816903314.7142857,5.516666666666667,0.52,0.5247619047619048,11.852380952380953,60.89904761904762,5.557619047619047
Brazil,2024,72.20238095238095,0.5876190476190476,47.02428571428571,0.769047619047619,74.84,0.41857142857142854,32908.69238095238,0.15095238095238095,5.251904761904761,68.5352380952381,41.32857142857143,65.21666666666667,6.748571428571428,65.51,0.5385714285714286,676907208.6190476,6.344285714285715,0.5471428571428572,0.6147619047619047,10.596190476190477,61.034285714285716,6.687142857142858
Canada,2005,67.65785714285714,0.44499999999999995,46.028571428571425,0.7757142857142857,71.09,0.5078571428571429,32292.954285714284,0.06857142857142857,5.977142857142857,66.45785714285714,35.78,58.30928571428571,6.5200000000000005,71.77642857142857,0.4992857142857143,906534937.2142857,5.5164285714285715,0.6235714285714286,0.43714285714285717,9.634285714285713,51.12928571428571,5.784999999999999
Canada,2006,62.345555555555556,0.4783333333333333,44.84,0.6783333333333332,75.42222222222222,0.5616666666666666,27863.766666666666,0.1288888888888889,5.151111111111111,68.96944444444445,34.342777777777776,66.68111111111111,6.890555555555555,71.12777777777778,0.3511111111111111,893174284.6666666,5.256111111111111,0.46222222222222226,0.5144444444444445,11.496111111111112,56.62444444444444,5.711666666666667
Canada,2007,62.35052631578948,0.5510526315789473,47.990526315789474,0.7563157894736843,73.14947368421052,0.5368421052631579,33915.388947368425,0.18105263157894735,5.255263157894737,65.44578947368421,39.717894736842105,68.74947368421053,6.735263157894737,74.76631578947368,0.5663157894736842,794383112.5263158,6.442105263157895,0.4663157894736842,0.5057894736842105,12.40684210526316,64.55526315789473,5.927368421052631
Canada,2008,70.30909090909091,0.5136363636363637,44.37318181818182,0.7381818181818182,71.65181818181817,0.31272727272727274,27223.325454545455,0.16227272727272726,5.349545454545455,67.3709090909091,39.91,65.75136363636364,6.274090909090909,71.16863636363637,0.4968181818181818,908507731.3636364,6.241363636363636,0.5377272727272727,0.5909090909090909,12.328636363636365,56.85045454545455,5.674090909090909
Canada,2009,64.51555555555557,0.554074074074074,50.15962962962963,0.7062962962962963,71.46185185185185,0.47962962962962963,25072.935925925925,0.060000000000000005,5.650740740740741,65.95444444444445,41.6162962962963,70.46074074074075,6.428148148148148,72.74185185185185,0.5114814814814815,630649414.3333334,6.434444444444445,0.5455555555555556,0.512962962962963,8.442592592592591,58.89333333333334,6.111851851851852
Canada,2010,68.33884615384615,0.5123076923076924,42.378461538461536,0.7434615384615384,74.65307692307692,0.5019230769230769,37743.64538461539,0.17461538461538462,5.098461538461539,69.56884615384615,40.07653846153846,67.57538461538462,6.168846153846153,70.02153846153846,0.5080769230769231,786365378.2307693,6.09076923076923,0.5538461538461539,0.5638461538461539,10.851153846153846,59.59961538461538,5.936538461538461
Canada,2011,70.34166666666667,0.5077777777777778,46.92777777777778,0.7722222222222223,68.91888888888889,0.5577777777777777,24983.135555555556,0.20055555555555557,5.720555555555555,64.31722222222223,35.906111111111116,68.50944444444445,6.526666666666667,64.62722222222222,0.4288888888888889,686300418.0,5.847777777777778,0.5838888888888889,0.5083333333333333,9.851666666666667,65.56833333333333,5.4911111111111115
Canada,2012,61.892222222222216,0.508888888888889,40.09111111111111,0.8033333333333332,71.79444444444444,0.5405555555555556,32715.842222222225,0.22666666666666668,4.973333333333333,72.21222222222222,35.95777777777778,64.98055555555555,6.779444444444445,67.45611111111111,0.3466666666666667,785881721.5555556,5.441666666666666,0.4588888888888889,0.43555555555555553,11.378333333333334,60.01555555555555,6.261111111111111
Canada,2013,59.92857142857143,0.5128571428571428,46.745,0.7999999999999999,73.11071428571428,0.4342857142857143,29801.792857142857,0.11785714285714285,5.33,67.36714285714285,41.675000000000004,68.69500000000001,5.982857142857142,58.69285714285714,0.5214285714285715,642889719.4285715,6.676428571428572,0.5549999999999999,0.43714285714285717,10.985,70.56357142857142,5.207142857142857
Canada,2014,62.49125,0.4054166666666667,43.772083333333335,0.7666666666666666,77.22708333333334,0.5812499999999999,21669.93875,0.22624999999999998,5.5,68.82208333333334,41.5075,73.395,6.7004166666666665,71.27333333333333,0.5183333333333333,804527662.0833334,5.677083333333333,0.43416666666666665,0.5379166666666667,11.123333333333333,64.17291666666667,5.851666666666667
Canada,2015,61.237500000000004,0.5491666666666667,42.0725,0.7016666666666667,75.31666666666666,0.5741666666666667,25759.9375,0.22,5.513333333333333,69.54166666666667,38.270833333333336,71.82583333333334,6.59,65.81666666666666,0.3325,684118754.8333334,5.833333333333333,0.42583333333333334,0.49499999999999994,11.891666666666666,61.650000000000006,6.164166666666667
Canada,2016,58.39500000000001,0.5211111111111112,46.99888888888889,0.7638888888888888,70.87055555555555,0.4427777777777778,37959.80333333333,0.13,5.592222222222222,67.74388888888889,33.91111111111111,68.74888888888889,6.260000000000001,67.91333333333334,0.48666666666666664,843203611.1666666,5.760555555555555,0.5011111111111111,0.41944444444444445,11.892222222222223,59.891666666666666,6.0344444444444445
Canada,2017,78.70736842105264,0.5057894736842105,39.43631578947368,0.7631578947368421,70.81315789473685,0.5636842105263158,23441.643157894738,0.06578947368421052,5.633684210526316,65.82789473684211,38.87842105263158,69.15631578947368,5.755263157894737,68.55,0.5715789473684211,819020197.3684211,6.085263157894737,0.5757894736842105,0.46473684210526317,11.60421052631579,57.92,6.011052631578947
Canada,2018,54.873333333333335,0.41777777777777775,43.17777777777778,0.6966666666666667,75.87666666666667,0.5361111111111111,29234.836111111115,0.12000000000000001,5.2861111111111105,68.02111111111111,38.20944444444444,67.02444444444444,6.7716666666666665,66.32666666666667,0.42,888430405.2777778,6.165555555555556,0.5044444444444445,0.48666666666666664,9.938333333333333,58.98444444444445,6.431666666666667
Canada,2019,61.64047619047619,0.5595238095238095,41.31142857142857,0.7280952380952381,73.28761904761905,0.4876190476190476,25798.202857142856,0.19571428571428573,5.5304761904761905,67.00142857142858,35.941428571428574,66.81952380952382,6.86,67.95761904761905,0.4704761904761905,915139255.3333334,5.972857142857143,0.4185714285714286,0.46380952380952384,9.793809523809523,55.21333333333333,5.827142857142857
Canada,2020,61.57,0.5119047619047619,45.044761904761906,0.7328571428571429,77.63809523809525,0.559047619047619,33712.5180952381,0.2180952380952381,5.931904761904762,71.22285714285715,33.94047619047619,64.14333333333333,6.602380952380953,67.05190476190475,0.4828571428571429,783220893.9047619,5.96047619047619,0.48619047619047623,0.5052380952380953,10.689047619047619,56.81428571428571,5.992380952380953
Canada,2021,61.942,0.5333333333333333,39.916666666666664,0.7346666666666667,82.70933333333333,0.5773333333333334,28497.08,0.12866666666666665,4.87,66.466,39.784666666666666,60.53933333333334,5.963333333333334,66.31400000000001,0.36133333333333334,542960569.9333333,5.576666666666667,0.6519999999999999,0.5286666666666666,11.769333333333332,60.638,5.328666666666667
Canada,2022,65.64225806451613,0.36129032258064514,53.8016129032258,0.7706451612903226,73.79516129032258,0.5125806451612903,34734.16064516129,0.20741935483870966,5.995161290322581,68.0383870967742,37.52193548387097,69.47129032258064,6.340967741935484,69.99612903225807,0.47354838709677416,680910520.2258065,5.5438709677419356,0.4229032258064516,0.44806451612903225,10.563870967741936,60.671935483870975,6.459354838709678
Canada,2023,61.494166666666665,0.41583333333333333,38.65,0.6783333333333333,74.36916666666667,0.5608333333333334,27259.220833333336,0.11833333333333333,5.026666666666666,67.7075,40.89833333333333,72.91166666666668,6.57,74.72833333333334,0.5541666666666667,584508089.3333334,6.53,0.37333333333333335,0.44416666666666665,9.473333333333334,56.56,6.9191666666666665
Canada,2024,58.9078947368421,0.49105263157894735,45.583684210526314,0.7405263157894737,74.75684210526316,0.4705263157894737,25885.417894736842,0.1168421052631579,5.39,69.44631578947369,39.73842105263158,59.949999999999996,6.689473684210526,66.75421052631579,0.4073684210526316,803416287.1052631,5.144210526315789,0.47368421052631576,0.5010526315789473,10.866842105263158,61.594210526315784,5.9584210526315795
China,2005,63.26833333333333,0.36444444444444446,44.655,0.7133333333333334,73.66388888888889,0.5411111111111111,28391.637777777778,0.1,5.932777777777778,67.33944444444444,40.50666666666667,61.61555555555555,6.301111111111111,70.97111111111111,0.5261111111111112,610536822.6111112,5.070555555555555,0.4744444444444445,0.5711111111111111,10.818333333333333,60.07055555555556,6.115555555555556
China,2006,67.538,0.471,41.181,0.808,76.14500000000001,0.4925,32879.656,0.18,5.6955,68.791,43.065999999999995,72.759,6.484999999999999,68.842,0.4215,618473782.15,6.0649999999999995,0.5325,0.625,11.2635,58.0665,6.0735
China,2007,57.36136363636364,0.5409090909090909,37.61954545454545,0.7686363636363637,73.2540909090909,0.5513636363636364,34427.818636363634,0.1531818181818182,4.972272727272728,67.21909090909091,38.926818181818184,68.59590909090909,6.5181818181818185,67.55090909090909,0.4186363636363637,765630415.0909091,6.132272727272727,0.4754545454545455,0.505,13.17909090909091,53.97863636363636,6.391818181818182
China,2008,73.08583333333333,0.41500000000000004,36.843333333333334,0.7891666666666667,80.405,0.4658333333333333,37408.77416666666,0.13166666666666668,5.7025,64.52,38.740833333333335,60.100833333333334,6.853333333333333,64.84166666666667,0.5541666666666667,691610084.1666666,5.815833333333333,0.4141666666666666,0.645,9.1775,59.43416666666667,5.595833333333334
China,2009,62.910624999999996,0.446875,47.12,0.753125,76.92625,0.3825,34667.44375,0.073125,5.295625,72.1725,39.894375000000004,68.21249999999999,6.44625,66.66875,0.45187499999999997,730116295.5625,5.740625,0.499375,0.466875,10.96125,61.131874999999994,5.511875
China,2010,66.49214285714285,0.5235714285714286,54.29071428571429,0.7207142857142858,76.5807142857143,0.5278571428571428,18293.946428571428,0.11142857142857143,4.892142857142857,66.88642857142857,40.97642857142857,64.42,6.921428571428571,67.44214285714285,0.5549999999999999,657730217.8571428,5.791428571428571,0.4857142857142857,0.5935714285714286,12.574285714285713,63.097142857142856,6.478571428571429
China,2011,63.40409090909091,0.5140909090909092,46.365,0.7086363636363636,72.55090909090909,0.5363636363636364,30723.150909090906,0.04727272727272727,5.254090909090909,64.74409090909091,43.45727272727273,70.26363636363637,6.612727272727272,63.10954545454546,0.5386363636363636,857432701.3181819,5.916818181818181,0.5113636363636364,0.49727272727272726,12.466818181818182,60.59318181818182,5.889545454545455
China,2012,67.80833333333334,0.5083333333333333,39.032222222222224,0.7422222222222222,69.17833333333334,0.4961111111111111,31460.975555555553,0.17388888888888887,5.060555555555556,70.0,40.09166666666667,67.415,6.847222222222222,75.96,0.5355555555555556,967395819.3333334,6.621111111111111,0.5322222222222223,0.5605555555555556,11.752222222222223,60.62833333333333,6.538333333333333
China,2013,68.90470588235294,0.5058823529411764,47.52,0.7382352941176471,74.38294117647058,0.5447058823529412,29063.93294117647,0.14176470588235296,5.294705882352941,66.92411764705882,42.70882352941176,69.05470588235295,6.760588235294117,82.87470588235294,0.5117647058823529,789471782.9411764,5.734117647058824,0.49352941176470594,0.4782352941176471,11.61235294117647,54.3864705882353,6.056470588235293
China,2014,73.89157894736843,0.4810526315789474,45.46631578947368,0.7489473684210527,77.5178947368421,0.5031578947368421,22136.202105263157,0.13052631578947368,5.355789473684211,65.69473684210527,43.735789473684214,67.66157894736841,6.064210526315789,72.58578947368422,0.3231578947368421,1043968761.6842105,5.841052631578948,0.5657894736842105,0.63,11.429473684210526,59.51052631578948,6.328947368421052
China,2015,61.312,0.4205,54.5905,0.7144999999999999,73.339,0.598,22670.503,0.1345,4.9235,64.0865,44.47,69.162,6.598999999999999,66.994,0.46950000000000003,834544887.85,6.495,0.49450000000000005,0.4995,11.1905,60.463,5.618
China,2016,66.37363636363636,0.5068181818181818,43.96090909090909,0.7959090909090908,76.59409090909091,0.5363636363636364,26718.029545454545,0.14454545454545456,5.698181818181818,68.03681818181818,38.73136363636364,68.12409090909091,6.398636363636364,71.42045454545455,0.45999999999999996,658279778.2272727,5.990909090909091,0.5940909090909091,0.5259090909090909,12.725454545454545,60.37227272727273,5.726818181818182
China,2017,66.58681818181819,0.39545454545454545,48.903181818181814,0.7281818181818182,74.7,0.53,28407.118636363637,0.2009090909090909,5.585909090909091,64.77954545454546,38.535,70.05181818181819,5.842272727272728,66.60954545454545,0.48772727272727273,715016215.9545455,5.610454545454545,0.4636363636363636,0.5218181818181818,12.354545454545455,64.75454545454545,6.595
China,2018,71.22173913043478,0.6117391304347827,46.84782608695652,0.788695652173913,74.55521739130435,0.5647826086956522,33462.99956521739,0.12869565217391304,5.49,72.66913043478262,39.86,65.96347826086956,6.483478260869566,67.2095652173913,0.43826086956521737,923273023.3478261,6.354782608695652,0.5117391304347826,0.6256521739130435,11.42782608695652,60.04826086956521,5.986086956521739
China,2019,66.70409090909091,0.5909090909090909,44.78909090909091,0.729090909090909,70.53272727272727,0.5740909090909091,30272.869545454545,0.17454545454545453,4.8522727272727275,64.81954545454545,38.20454545454545,69.06,7.074545454545455,76.44318181818181,0.5440909090909091,891805389.1363636,6.94,0.6068181818181818,0.4831818181818182,8.926818181818183,55.02363636363636,6.455909090909091
China,2020,71.41809523809523,0.44761904761904764,51.653333333333336,0.7633333333333334,77.81523809523809,0.5857142857142857,33265.47095238095,0.24571428571428572,5.169047619047619,65.20380952380953,42.841904761904765,67.24238095238096,6.6347619047619055,74.19476190476192,0.4428571428571429,862913176.7142857,5.691428571428571,0.5204761904761904,0.47190476190476194,10.275238095238095,55.28190476190476,5.596666666666667
China,2021,70.6752380952381,0.5514285714285714,44.76904761904762,0.7647619047619048,71.70952380952382,0.5704761904761905,33387.1319047619,0.2114285714285714,5.693333333333333,68.65380952380953,38.7047619047619,60.80047619047619,7.124761904761905,70.5147619047619,0.41714285714285715,683747315.9523809,5.584761904761905,0.5109523809523809,0.4866666666666667,11.94,58.078571428571436,6.0495238095238095
China,2022,68.214,0.61,44.476,0.7140000000000001,73.244,0.5650000000000001,33289.453,0.023,5.9990000000000006,64.992,37.076,63.101,7.148000000000001,69.29400000000001,0.43499999999999994,694260674.5,7.074,0.575,0.48900000000000005,9.945,65.94,6.555
China,2023,62.50769230769231,0.49230769230769234,45.66461538461538,0.8046153846153845,74.2023076923077,0.33999999999999997,30678.09,0.08769230769230771,6.386153846153846,66.29846153846154,42.440769230769234,68.60846153846154,5.983076923076923,69.38846153846154,0.3638461538461539,719736765.6153846,6.0307692307692315,0.5423076923076923,0.59,10.562307692307693,58.47692307692308,5.256153846153846
China,2024,69.67045454545455,0.43818181818181823,53.033181818181816,0.7486363636363635,75.50863636363637,0.5490909090909091,39481.99,0.11818181818181818,5.296363636363636,69.50136363636364,34.995,60.23727272727273,6.596363636363637,68.24136363636363,0.5631818181818182,752148786.0454545,5.387727272727273,0.4218181818181818,0.47454545454545455,11.523181818181818,61.56818181818182,6.209090909090909
France,2005,64.9525,0.525625,48.009375,0.75625,75.92999999999999,0.526875,32239.91375,0.1375,5.749375,69.305625,44.413125,70.06375,6.454375,70.38625,0.694375,797503584.5,6.75375,0.515625,0.624375,10.455,58.51375,5.9525
France,2006,62.85578947368421,0.37473684210526315,41.491578947368424,0.8042105263157895,80.8578947368421,0.51,31012.683157894735,0.2263157894736842,4.880526315789474,66.44473684210527,43.32368421052632,74.65684210526315,6.754736842105263,68.90473684210527,0.5626315789473684,707454322.9473684,5.440526315789474,0.541578947368421,0.4652631578947368,11.470526315789474,57.124210526315785,6.098947368421053
France,2007,72.67,0.43,46.315,0.716875,79.67875,0.54,30514.416875,0.080625,5.23625,68.215,36.369375,70.653125,7.088125,69.115625,0.421875,884066530.5625,6.089375,0.60625,0.43125,9.15,59.1525,6.625625
France,2008,72.95599999999999,0.576,42.296499999999995,0.742,72.87100000000001,0.4875,26767.2,0.0485,5.553,68.827,37.9865,69.703,5.88,74.636,0.40650000000000003,649291360.85,5.8235,0.5245,0.536,11.5115,55.624,5.031499999999999
France,2009,63.065333333333335,0.52,43.686,0.7806666666666667,74.48533333333333,0.5433333333333333,29210.496,0.174,5.668,65.41466666666666,39.260666666666665,73.35,6.091333333333334,72.866,0.522,853499755.0,6.574,0.422,0.444,10.488,64.008,5.526
France,2010,62.06888888888889,0.5838888888888889,51.10333333333333,0.7505555555555555,76.62222222222222,0.5177777777777778,21843.015,0.09111111111111111,5.312777777777778,67.58111111111111,39.35888888888889,70.54388888888889,6.697777777777778,68.50555555555555,0.5288888888888889,815004508.1111112,6.535,0.48500000000000004,0.43833333333333335,11.503333333333334,59.455000000000005,6.370555555555556
France,2011,63.35368421052632,0.61,49.68421052631579,0.7300000000000001,74.57526315789474,0.4905263157894737,30244.376315789475,0.1668421052631579,5.246315789473684,67.53684210526316,41.346315789473685,67.16315789473684,6.81842105263158,67.25421052631579,0.4715789473684211,764623854.0,6.181578947368421,0.3821052631578947,0.4826315789473684,8.792105263157895,62.70315789473684,5.993157894736842
France,2012,65.84772727272728,0.5122727272727272,39.00818181818182,0.755,72.11045454545454,0.5304545454545454,33745.38818181818,0.13499999999999998,5.8927272727272735,67.9309090909091,41.07090909090909,68.37227272727273,7.260454545454545,72.36,0.6527272727272727,823423116.8636364,6.055909090909091,0.5745454545454546,0.5781818181818182,10.099545454545455,55.936818181818175,6.1890909090909085
France,2013,61.95444444444444,0.4514814814814815,47.32222222222222,0.7555555555555555,72.3537037037037,0.5044444444444444,32434.43074074074,0.16814814814814816,5.326666666666666,67.33592592592592,38.007407407407406,71.11407407407407,5.9329629629629625,74.32962962962964,0.6148148148148148,906191116.1851852,5.884444444444444,0.4944444444444444,0.49222222222222217,8.92074074074074,57.205925925925925,5.9511111111111115
France,2014,71.1344,0.5364,45.428000000000004,0.7812,72.516,0.5152,29731.0676,0.1512,5.4976,66.6176,37.61,61.5904,6.6,69.2948,0.5579999999999999,741757081.16,5.9408,0.4972,0.574,11.041599999999999,59.232,5.9472000000000005
France,2015,67.78533333333333,0.46066666666666667,53.007333333333335,0.7286666666666667,77.55666666666667,0.5700000000000001,21793.476000000002,0.044000000000000004,5.607333333333333,68.91866666666667,39.047333333333334,68.98133333333334,6.28,68.43733333333333,0.422,635158731.0666667,6.760000000000001,0.37466666666666665,0.4633333333333333,9.139999999999999,58.36266666666667,5.684666666666667
France,2016,70.85346153846154,0.5173076923076922,45.63115384615385,0.7592307692307692,74.03653846153847,0.44576923076923075,35338.91653846153,0.13153846153846155,5.445384615384615,65.9176923076923,39.25769230769231,65.91230769230769,6.176923076923076,65.80076923076923,0.5146153846153847,705882153.2307693,7.286538461538461,0.4857692307692308,0.5773076923076923,12.136153846153848,62.350769230769224,6.059230769230769
France,2017,68.125,0.5465,51.1765,0.7945,76.134,0.4255,28804.373,0.0865,5.519,70.676,39.1065,65.728,6.214499999999999,70.91900000000001,0.514,847379870.75,5.958,0.4665,0.5645,10.616,57.714,5.539
France,2018,66.54041666666667,0.5670833333333333,47.47333333333333,0.7799999999999999,73.32833333333333,0.5337500000000001,31518.509583333333,0.15333333333333332,4.94125,70.67,43.39625,75.24291666666666,6.6625000000000005,70.53583333333333,0.5779166666666667,797545321.5416666,5.864583333333333,0.5016666666666666,0.48875,9.23625,59.55083333333334,5.245833333333334
France,2019,67.34818181818183,0.38727272727272727,47.685909090909085,0.6895454545454546,75.17954545454546,0.4481818181818182,23902.488636363636,0.1368181818181818,5.247727272727273,66.07681818181818,41.53590909090909,65.61318181818181,6.412272727272727,71.84863636363637,0.40772727272727266,849912241.4090909,5.330909090909091,0.5486363636363637,0.51,10.499545454545455,62.21227272727273,5.51409090909091
France,2020,63.03357142857143,0.40857142857142853,37.11964285714286,0.7407142857142857,68.90285714285714,0.5228571428571429,28960.860714285714,0.22892857142857143,5.074285714285715,65.60714285714286,39.44892857142857,73.61071428571428,6.306428571428571,73.41678571428572,0.37678571428571433,693561895.8214285,5.562857142857142,0.49714285714285716,0.5196428571428572,11.190714285714284,58.75607142857143,5.832142857142857
France,2021,66.51941176470588,0.5447058823529412,49.89,0.798235294117647,74.75117647058823,0.4388235294117647,27727.119411764703,0.15176470588235294,5.336470588235294,71.32882352941176,41.345882352941175,70.44294117647058,6.214117647058823,74.88235294117646,0.4088235294117647,803775248.5882353,6.234705882352941,0.44235294117647056,0.5111764705882352,12.132941176470588,57.8635294117647,6.395882352941177
France,2022,58.72260869565217,0.4795652173913043,41.98217391304348,0.7030434782608697,69.63,0.4882608695652174,26763.498260869565,0.11608695652173913,5.389565217391304,72.51782608695653,35.684347826086956,67.9004347826087,6.3734782608695655,73.33217391304348,0.561304347826087,887010576.6521739,5.218695652173913,0.6091304347826086,0.48000000000000004,10.733478260869566,58.339999999999996,5.506521739130435
France,2023,63.16791666666666,0.5425,43.532916666666665,0.7358333333333333,73.7275,0.5,28658.197916666668,0.12083333333333333,5.458749999999999,70.75,41.81458333333333,68.81,6.51875,71.90333333333334,0.5337500000000001,765553777.8333334,6.325,0.4458333333333333,0.3866666666666667,10.074583333333333,61.11666666666667,5.6000000000000005
France,2024,61.57526315789474,0.4973684210526315,46.76157894736842,0.6936842105263158,66.97894736842105,0.5363157894736842,27395.885263157896,0.12052631578947369,6.045789473684211,67.33157894736841,36.048421052631575,71.01263157894736,7.227894736842106,65.3478947368421,0.4984210526315789,709322445.8947369,5.637894736842106,0.4142105263157895,0.4847368421052632,10.833157894736843,51.485789473684214,6.882105263157894
Germany,2005,63.66466666666667,0.5413333333333334,41.867333333333335,0.8206666666666667,70.374,0.3413333333333333,32499.957333333332,0.164,5.498,66.59466666666667,42.748666666666665,66.03066666666668,6.294,75.32333333333332,0.4826666666666667,674040025.3333334,5.144,0.4886666666666667,0.46,12.177333333333333,55.702666666666666,5.2219999999999995
Germany,2006,68.7072,0.6096,51.1972,0.7931999999999999,68.8432,0.37520000000000003,31764.617599999998,0.1292,5.4572,69.6744,39.5088,64.12480000000001,6.518400000000001,73.242,0.4608,817628356.08,5.7484,0.5272,0.456,10.8932,61.5404,6.3096000000000005
Germany,2007,56.09,0.48944444444444446,49.15222222222222,0.7211111111111111,71.04666666666667,0.49,33118.301111111105,0.05666666666666667,5.2588888888888885,68.27944444444444,40.91,58.833333333333336,6.566111111111111,69.65666666666667,0.6222222222222222,918101046.0,5.552777777777778,0.5538888888888889,0.5127777777777778,10.553333333333335,51.91333333333333,6.338888888888889
Germany,2008,56.852,0.5665,49.5295,0.751,72.6635,0.433,30245.744,0.1345,5.442,65.6775,42.2455,61.5385,6.423,70.825,0.571,902195668.15,6.3685,0.4425,0.522,10.746,64.404,6.1005
Germany,2009,70.953,0.5415,40.024,0.7,76.4595,0.496,32895.1355,0.1605,5.548,64.703,39.825,65.128,6.7595,74.618,0.4765,883733361.65,6.422,0.538,0.49000000000000005,11.176,58.6595,6.279
Germany,2010,69.07545454545455,0.4840909090909091,40.25681818181818,0.7436363636363637,71.20772727272727,0.45954545454545453,30575.722272727275,0.15409090909090908,5.461363636363637,65.73363636363636,39.23,67.16318181818181,6.372727272727272,71.37409090909091,0.5554545454545455,790802168.6363636,5.329999999999999,0.6054545454545455,0.4295454545454545,9.718181818181819,58.2109090909091,6.565
Germany,2011,60.9275,0.4070833333333333,37.022083333333335,0.7570833333333334,79.22375,0.5133333333333333,41296.587916666664,0.15375,5.17125,68.68208333333332,40.49041666666667,69.07541666666667,6.484583333333333,73.65041666666666,0.43875,599761861.4583334,5.794999999999999,0.5833333333333334,0.4320833333333333,13.189166666666667,59.83041666666667,5.583333333333333
Germany,2012,71.20933333333333,0.37466666666666665,41.096000000000004,0.7613333333333333,69.962,0.44666666666666666,34157.798,0.164,5.572666666666667,71.36200000000001,38.19266666666667,68.902,6.342666666666667,64.76866666666666,0.5006666666666667,846873067.6666666,6.5633333333333335,0.4826666666666667,0.5226666666666666,9.107333333333335,50.8,5.92
Germany,2013,63.90714285714286,0.38499999999999995,40.912142857142854,0.7771428571428572,77.00857142857141,0.47000000000000003,35525.47928571429,0.22142857142857145,4.9314285714285715,67.58642857142857,35.917857142857144,65.24571428571429,6.162857142857143,77.58428571428571,0.3507142857142857,836097741.0,5.836428571428571,0.5228571428571429,0.38357142857142856,11.50357142857143,54.28142857142858,5.885714285714286
Germany,2014,64.84857142857143,0.5025000000000001,46.84392857142858,0.6996428571428571,70.5825,0.5471428571428572,24038.524999999998,0.08357142857142856,5.631785714285714,66.78821428571429,42.44714285714286,66.11071428571428,6.583928571428571,71.42,0.5067857142857143,643962703.6428572,5.799642857142857,0.5471428571428572,0.5710714285714286,9.719285714285714,57.167857142857144,5.882142857142857
Germany,2015,72.04166666666667,0.4891666666666667,47.0825,0.7570833333333334,76.87083333333334,0.43583333333333335,30538.681666666667,0.10958333333333332,4.9904166666666665,67.22458333333334,39.130833333333335,69.29333333333334,6.45,67.26375,0.5295833333333333,674045088.7916666,5.25,0.49,0.5604166666666667,10.405,60.30083333333334,5.971666666666667
Germany,2016,65.68230769230769,0.5269230769230769,48.43846153846154,0.7215384615384616,76.68307692307692,0.5834615384615385,25043.46153846154,0.08769230769230771,5.341923076923076,64.20769230769231,42.15423076923077,66.09653846153846,6.399615384615384,73.50923076923077,0.3288461538461539,584265680.1923077,5.6049999999999995,0.4819230769230769,0.4115384615384615,12.73653846153846,57.55461538461539,5.481153846153846
Germany,2017,70.3665,0.4145,54.1645,0.7695000000000001,72.55550000000001,0.44749999999999995,33049.3465,0.157,5.1455,68.4125,40.0515,65.773,6.181,77.1665,0.4835,777363157.0,5.66,0.48,0.5955,10.9855,57.363,6.180000000000001
Germany,2018,75.3295238095238,0.5833333333333334,42.699523809523804,0.7428571428571429,73.82095238095238,0.43428571428571433,31082.411904761906,0.11476190476190477,5.847142857142858,72.28333333333333,38.728095238095236,69.44285714285714,5.989047619047619,65.95142857142858,0.4019047619047619,850777956.9047619,6.141904761904762,0.4452380952380952,0.5304761904761905,9.916666666666666,64.29095238095239,6.469523809523809
Germany,2019,62.93631578947368,0.5521052631578948,42.519473684210524,0.7257894736842104,78.34684210526315,0.48947368421052634,35338.68421052631,0.07736842105263157,5.856842105263158,68.04526315789474,37.34947368421052,68.5242105263158,6.845263157894737,66.09684210526315,0.5426315789473685,853379718.2631578,5.963157894736842,0.2931578947368421,0.5252631578947369,10.945263157894738,61.352105263157895,6.20578947368421
Germany,2020,62.778333333333336,0.4766666666666667,43.373333333333335,0.7261111111111112,79.23666666666666,0.6761111111111111,34947.015555555554,0.15444444444444447,5.1866666666666665,64.60722222222222,40.330555555555556,66.47,6.651111111111111,71.05888888888889,0.42500000000000004,754686093.0,6.720555555555555,0.49833333333333335,0.5522222222222222,11.060555555555556,60.833888888888886,6.285555555555556
Germany,2021,58.435,0.34500000000000003,50.925625,0.755625,71.625625,0.50625,28603.823125,0.21,6.268125,68.235625,42.79625,61.040625,6.874375,67.545,0.386875,735720219.625,6.0962499999999995,0.548125,0.3175,8.89,57.09875,6.521875
Germany,2022,69.16461538461539,0.5592307692307693,43.62230769230769,0.7430769230769231,69.14153846153846,0.3984615384615384,39444.77923076923,0.13384615384615384,5.593076923076922,68.36653846153845,38.50653846153846,67.78346153846154,6.902692307692307,69.62307692307692,0.5096153846153846,701141815.4230769,5.821923076923077,0.5284615384615384,0.475,11.685384615384615,62.12615384615385,6.306923076923076
Germany,2023,66.5065,0.4375,41.161,0.762,68.3825,0.453,29054.673499999997,0.1945,5.221,68.074,42.886,70.2165,5.888,71.833,0.526,634551681.35,6.014,0.321,0.5355,9.051,58.592499999999994,6.1925
Germany,2024,69.98136363636364,0.5068181818181818,48.120909090909095,0.7586363636363637,76.49863636363636,0.3481818181818182,35622.240454545456,0.13454545454545455,5.100454545454546,66.33318181818181,43.33590909090909,62.120000000000005,6.516818181818182,69.47363636363637,0.5013636363636363,645273228.8181819,6.044545454545454,0.505,0.43681818181818177,11.743181818181819,53.38227272727273,6.257727272727272
India,2005,63.19,0.6311764705882353,47.70411764705882,0.7494117647058823,73.84764705882354,0.46529411764705886,28439.123529411765,0.13529411764705881,5.53764705882353,66.33470588235295,43.444705882352935,63.61764705882353,6.651764705882353,67.89823529411764,0.5341176470588236,898190452.0,6.0994117647058825,0.4411764705882353,0.45529411764705885,12.118235294117646,52.08882352941176,6.587058823529412
India,2006,62.50782608695653,0.4856521739130435,50.383043478260866,0.7543478260869566,69.08739130434783,0.5365217391304348,34719.82304347826,0.11434782608695651,5.247391304347826,66.77739130434782,39.23434782608695,70.28695652173913,6.360869565217392,76.55130434782609,0.548695652173913,780599705.0,6.348695652173913,0.5356521739130435,0.4652173913043478,12.860434782608696,60.82130434782608,6.086956521739131
India,2007,69.54666666666667,0.4,47.25285714285714,0.7128571428571429,72.42666666666666,0.5552380952380952,32262.936190476194,0.21428571428571427,5.673333333333334,70.29238095238095,40.28619047619048,63.55714285714286,6.765714285714286,65.87,0.5347619047619048,828798570.2857143,5.881904761904762,0.6128571428571428,0.5066666666666667,8.697142857142858,55.48952380952381,6.406190476190476
India,2008,62.76428571428571,0.47095238095238096,42.15428571428571,0.6766666666666667,74.01238095238095,0.5438095238095239,24504.54380952381,0.07571428571428572,5.141904761904762,71.82857142857144,38.12238095238095,71.33333333333333,6.535714285714286,66.90142857142857,0.550952380952381,750876432.8095238,6.763333333333334,0.6161904761904762,0.48142857142857143,9.611428571428572,64.96809523809523,5.609523809523809
India,2009,63.97,0.43333333333333335,44.75888888888889,0.8111111111111111,69.875,0.5888888888888889,33116.245,0.155,5.45888888888889,68.52777777777777,40.80833333333333,67.64,6.924444444444444,69.43944444444445,0.4722222222222222,678512678.8888888,5.91611111111111,0.5233333333333333,0.6133333333333333,12.997777777777777,62.403333333333336,5.478888888888889
India,2010,69.33687499999999,0.491875,40.965625,0.7168749999999999,75.099375,0.450625,27408.53125,0.178125,5.28125,66.796875,30.954375,72.841875,6.741875,72.4825,0.334375,834322247.4375,5.131875,0.45,0.504375,12.459999999999999,65.345625,5.799375
India,2011,69.62409090909091,0.5759090909090909,48.46136363636364,0.7513636363636365,72.61318181818181,0.6181818181818182,33944.835,0.14863636363636365,5.233636363636363,67.32318181818181,35.27454545454545,71.68454545454546,6.42409090909091,71.36999999999999,0.46090909090909093,890574634.2272727,5.9804545454545455,0.4968181818181818,0.5563636363636364,10.109545454545454,61.31136363636363,5.948181818181819
India,2012,64.99772727272727,0.565,53.60863636363637,0.7663636363636364,77.1440909090909,0.43636363636363634,30477.101363636364,0.10272727272727272,4.925909090909091,69.61318181818181,45.692727272727275,75.5040909090909,6.807272727272727,72.05818181818182,0.48272727272727267,781293016.7727273,6.1913636363636355,0.42045454545454547,0.5195454545454545,12.23,63.24409090909091,6.443181818181818
India,2013,57.72333333333333,0.5833333333333334,38.623333333333335,0.75,72.86555555555555,0.758888888888889,37590.485555555555,0.17555555555555558,5.974444444444444,65.22333333333333,45.42777777777778,71.41000000000001,6.336666666666667,61.41777777777778,0.3655555555555556,653883857.4444444,6.446666666666667,0.4411111111111111,0.48000000000000004,12.054444444444446,64.15222222222222,5.291111111111111
India,2014,67.37055555555555,0.5916666666666667,47.73833333333333,0.7788888888888889,72.27555555555556,0.5544444444444445,25642.184444444443,0.14833333333333332,5.155555555555555,71.80166666666668,34.00833333333333,66.31,6.668333333333333,64.63666666666667,0.41,780480614.1111112,6.000555555555556,0.5466666666666666,0.4361111111111111,10.720555555555556,60.54944444444445,5.1
India,2015,60.02761904761904,0.48857142857142855,53.135238095238094,0.771904761904762,69.00190476190475,0.4738095238095238,22941.495238095238,0.12285714285714286,5.149523809523809,71.71142857142857,44.12714285714286,70.31523809523809,6.241428571428571,67.4452380952381,0.5285714285714286,963689958.5714285,6.192857142857143,0.5095238095238095,0.5252380952380952,10.288571428571428,64.64904761904762,5.873333333333333
India,2016,65.48857142857143,0.5638095238095238,44.01238095238095,0.7180952380952381,72.35857142857142,0.3985714285714285,28222.364761904762,0.08857142857142856,5.6066666666666665,68.70428571428572,40.80142857142857,67.72999999999999,7.008095238095239,67.87095238095237,0.530952380952381,673538047.6190476,5.8914285714285715,0.6514285714285715,0.5180952380952382,11.688571428571429,57.81904761904762,5.663809523809523
India,2017,64.730625,0.515,55.1228125,0.774375,74.601875,0.48312499999999997,31484.2809375,0.1346875,5.935,68.8690625,41.755625,66.6434375,6.92125,68.2053125,0.470625,783154219.125,6.3621875,0.4303125,0.484375,9.5653125,61.713125,5.186875
India,2018,63.10333333333334,0.5133333333333333,43.701904761904764,0.7685714285714286,77.38190476190476,0.45857142857142863,34127.83523809524,0.1323809523809524,5.833809523809524,66.87047619047618,40.58904761904762,65.81428571428572,6.105714285714286,75.48190476190476,0.509047619047619,584487742.8095238,6.384761904761904,0.47333333333333333,0.6142857142857143,9.986190476190476,57.11619047619048,6.881904761904762
India,2019,63.46666666666667,0.4573333333333333,50.87266666666667,0.7406666666666666,67.488,0.45266666666666666,23247.613333333335,0.09533333333333333,6.190666666666667,66.92133333333332,37.932,64.50466666666667,6.315333333333333,67.848,0.5399999999999999,782865151.8666667,6.800666666666667,0.6013333333333333,0.36000000000000004,9.531333333333333,58.97,6.1946666666666665
India,2020,63.77052631578948,0.45894736842105266,49.53736842105263,0.778421052631579,69.28263157894737,0.4126315789473684,28823.8,0.17473684210526316,5.7563157894736845,69.92684210526316,40.84894736842105,63.630526315789474,6.536842105263158,70.15210526315789,0.47,795401736.3157895,6.207368421052632,0.5978947368421053,0.5157894736842106,10.198421052631579,52.71684210526316,5.841578947368421
India,2021,62.16173913043478,0.5252173913043479,40.61565217391304,0.7478260869565218,76.4804347826087,0.5117391304347826,35416.48826086956,0.09565217391304348,5.778260869565218,69.12521739130435,41.996521739130436,65.1608695652174,6.582173913043477,66.96304347826087,0.43869565217391304,515034320.7826087,5.719565217391305,0.5447826086956521,0.4804347826086957,10.545217391304348,51.899565217391306,5.93
India,2022,69.13458333333334,0.5291666666666667,50.92541666666667,0.7712500000000001,73.14125,0.3933333333333333,21406.987916666665,0.18625000000000003,5.997916666666666,66.87583333333333,40.57666666666667,68.97916666666667,6.69,72.39125,0.5033333333333333,862198571.25,5.9025,0.5770833333333333,0.5,10.040000000000001,58.530833333333334,6.492083333333333
India,2023,67.10045454545455,0.4731818181818182,46.81363636363637,0.7636363636363637,71.94318181818181,0.5022727272727273,32105.980454545454,0.15454545454545454,5.507272727272727,69.80272727272728,40.20272727272727,69.24454545454545,6.416818181818181,70.60954545454545,0.455,710554074.1818181,5.819090909090909,0.5109090909090909,0.4772727272727273,11.784999999999998,61.474545454545456,5.888636363636365
India,2024,51.28142857142858,0.5121428571428571,39.32928571428572,0.7021428571428572,71.33642857142857,0.4521428571428571,31323.175,0.23714285714285713,5.6000000000000005,71.7792857142857,46.75214285714286,64.82785714285714,6.585714285714286,67.00428571428571,0.46,746884835.7857143,6.360714285714286,0.5542857142857143,0.42714285714285716,14.304285714285713,64.05714285714285,6.0042857142857144
South Africa,2005,65.8775,0.5425,38.700625,0.7275,71.776875,0.518125,22317.134375,0.14500000000000002,5.15875,65.10875,40.673125,73.4525,6.076875,72.873125,0.55875,606483175.75,6.345,0.484375,0.5025,10.34625,53.755,5.695625
South Africa,2006,54.2378947368421,0.5378947368421053,43.90842105263158,0.7910526315789473,71.09736842105262,0.45368421052631586,28716.47684210526,0.08736842105263158,5.88578947368421,68.2921052631579,45.17631578947368,66.2421052631579,6.397368421052631,73.40842105263158,0.4678947368421053,847203515.8947369,5.558947368421053,0.38,0.3973684210526316,10.056315789473684,59.70894736842106,6.559473684210526
South Africa,2007,64.780625,0.435625,38.135625,0.799375,70.518125,0.5925,33138.233125,0.17625,5.5075,63.93875,42.513125,62.15125,6.73125,70.28625,0.445,727879166.875,5.606875,0.43,0.47875,11.31125,59.66,5.85
South Africa,2008,63.201052631578946,0.6278947368421053,52.41736842105263,0.6984210526315789,76.87947368421052,0.4689473684210526,27465.287368421054,0.16789473684210526,5.773684210526316,68.7221052631579,36.99736842105263,65.9421052631579,6.429473684210526,71.04842105263158,0.5357894736842105,886996330.3684211,6.278947368421052,0.506842105263158,0.6005263157894737,9.946315789473683,61.72736842105263,6.597368421052631
South Africa,2009,62.26304347826087,0.5282608695652175,51.83782608695652,0.7139130434782609,75.95782608695652,0.4956521739130435,23509.39608695652,0.23826086956521741,6.100434782608696,70.34391304347827,40.3795652173913,67.53086956521739,6.516521739130434,62.47434782608696,0.4682608695652174,709150323.0869565,6.443478260869565,0.6043478260869566,0.4752173913043478,9.292608695652174,60.963913043478264,6.3191304347826085
South Africa,2010,66.80692307692308,0.5088461538461538,43.42923076923077,0.7488461538461538,70.97192307692308,0.5615384615384615,37521.17269230769,0.135,5.274615384615384,68.58461538461539,39.816538461538464,68.16538461538461,6.4023076923076925,71.62884615384615,0.5026923076923077,771758453.6153846,5.958461538461539,0.4096153846153846,0.6042307692307692,10.253846153846155,58.924615384615386,5.799230769230769
South Africa,2011,65.72666666666666,0.4794444444444445,48.31666666666667,0.71,73.08888888888889,0.5438888888888889,28838.933333333334,0.14,5.096666666666667,65.91166666666668,42.08555555555555,57.099999999999994,6.308888888888889,67.07333333333332,0.2866666666666667,856694862.8888888,5.913333333333333,0.49166666666666664,0.42333333333333334,10.035,65.86166666666666,6.623888888888889
South Africa,2012,61.57892857142857,0.5575,41.78357142857143,0.7542857142857143,69.965,0.45392857142857146,32219.50178571429,0.13071428571428573,5.5625,64.09321428571428,41.69035714285714,69.31464285714286,6.5460714285714285,71.87214285714286,0.4817857142857143,734647254.2142857,6.196428571428571,0.46714285714285714,0.5425,11.909642857142858,54.44607142857143,5.576071428571429
South Africa,2013,63.51866666666667,0.39333333333333337,53.48533333333333,0.7406666666666666,76.60266666666666,0.5726666666666667,35757.63,0.26,5.708,67.18733333333334,42.44533333333334,69.67800000000001,6.519333333333334,65.31,0.5399999999999999,840714658.1333333,5.594666666666667,0.5266666666666667,0.622,8.608,63.41133333333333,6.494
South Africa,2014,71.18136363636364,0.4854545454545454,39.63545454545454,0.7527272727272727,74.39136363636364,0.49454545454545457,35534.74363636364,0.15636363636363637,5.3513636363636365,71.5240909090909,40.595,68.98636363636363,6.850454545454546,68.69727272727272,0.4240909090909091,889195462.0,6.969090909090909,0.6240909090909091,0.4881818181818182,10.490454545454545,55.02681818181818,5.487727272727273
South Africa,2015,65.30947368421052,0.46473684210526317,42.077894736842104,0.7510526315789473,73.1621052631579,0.4784210526315789,28624.88631578947,0.19421052631578947,5.145263157894737,71.69157894736843,39.97842105263158,68.8078947368421,6.374736842105263,78.85894736842106,0.45368421052631586,656250399.1578947,6.065263157894737,0.508421052631579,0.5321052631578947,10.468421052631578,59.812105263157896,5.778947368421052
South Africa,2016,73.60625,0.42625,45.345,0.725625,72.693125,0.576875,34836.8475,0.19625,4.7175,63.9625,40.663125,65.671875,6.031875,72.820625,0.645625,729276908.1875,5.38875,0.41625,0.51125,11.90125,62.576875,5.77625
South Africa,2017,67.44962962962963,0.46222222222222226,47.22888888888889,0.7322222222222222,75.46962962962964,0.49777777777777776,37428.2137037037,0.13037037037037036,5.343703703703704,66.74333333333333,43.71037037037037,62.199999999999996,6.657777777777778,69.72925925925927,0.47888888888888886,617633758.2962962,6.46962962962963,0.5666666666666667,0.5714814814814815,10.013703703703705,61.19185185185185,5.94962962962963
South Africa,2018,65.58578947368422,0.3663157894736842,61.84157894736842,0.7194736842105263,73.70736842105264,0.42684210526315786,26390.90631578947,0.18473684210526314,5.353684210526316,72.05684210526316,41.04105263157894,72.88578947368421,6.079473684210527,72.48263157894738,0.49894736842105264,798864816.7894737,6.145789473684211,0.5747368421052631,0.5342105263157895,10.89,58.707368421052635,5.74421052631579
South Africa,2019,70.12466666666666,0.554,34.106,0.7673333333333333,75.042,0.48133333333333334,35142.990666666665,0.05533333333333333,5.25,71.212,41.35733333333334,63.35066666666667,6.352,63.84466666666666,0.644,925079145.7333333,6.6,0.378,0.32733333333333337,11.042666666666666,63.013333333333335,5.917333333333334
South Africa,2020,59.521,0.55,42.082499999999996,0.7805,77.0405,0.5195000000000001,27486.972999999998,0.10049999999999999,5.046,68.9715,40.9385,71.5415,6.525999999999999,73.7665,0.47850000000000004,667987821.1,7.3260000000000005,0.5515,0.504,13.794999999999998,61.0705,5.354
South Africa,2021,67.37666666666667,0.4705555555555556,42.260555555555555,0.7727777777777778,73.40444444444444,0.42944444444444446,26621.749444444446,0.10166666666666667,5.416666666666667,62.87944444444444,41.05888888888889,64.39444444444445,5.818333333333333,71.125,0.44833333333333336,813479771.3333334,6.3005555555555555,0.4872222222222222,0.5077777777777778,10.686666666666667,60.30055555555556,5.946666666666666
South Africa,2022,67.66714285714286,0.5335714285714286,38.49142857142857,0.7392857142857142,68.49642857142858,0.5178571428571429,21928.26142857143,0.15214285714285714,5.085714285714286,65.60714285714286,43.60142857142857,69.10357142857143,5.815714285714286,73.08857142857143,0.5035714285714286,620804682.0714285,6.865,0.46499999999999997,0.41428571428571426,11.914285714285715,54.79857142857143,5.882142857142857
South Africa,2023,58.24157894736842,0.5221052631578947,46.97052631578948,0.7594736842105263,78.06421052631579,0.5531578947368421,27681.0,0.1363157894736842,5.490526315789474,65.70578947368422,41.014736842105265,71.94736842105263,6.397368421052631,66.19736842105263,0.5921052631578947,710710313.0,5.49421052631579,0.4247368421052632,0.3621052631578947,8.887368421052633,58.45157894736842,5.476842105263158
South Africa,2024,67.481875,0.453125,51.405625,0.72875,71.695625,0.5225,32430.138125,0.06625,5.475625,65.010625,43.51625,68.20875,6.366875,76.660625,0.5625,931970415.75,5.9575,0.4575,0.585,10.841875,64.43875,5.82125
UK,2005,62.279999999999994,0.6026315789473684,45.36,0.8305263157894737,77.62526315789474,0.51,32989.68947368421,0.21842105263157896,5.021052631578947,63.46315789473684,41.82,68.00842105263159,6.838947368421053,66.83210526315789,0.4663157894736842,783889318.0,5.517368421052631,0.5826315789473684,0.5973684210526315,11.455263157894738,52.68052631578948,6.973684210526316
UK,2006,65.74846153846154,0.5361538461538461,38.565384615384616,0.7884615384615384,78.9423076923077,0.3584615384615385,24654.94307692308,0.18076923076923077,4.2384615384615385,63.18692307692307,39.32692307692308,61.597692307692306,6.3100000000000005,74.99307692307693,0.6069230769230769,956687148.6923077,6.883076923076923,0.4284615384615385,0.49923076923076926,11.054615384615385,63.456923076923076,5.564615384615385
UK,2007,64.41166666666668,0.3661111111111111,39.580000000000005,0.7405555555555555,75.5938888888889,0.41944444444444445,28753.93611111111,0.13277777777777777,5.815,72.03666666666668,36.99722222222223,62.40611111111111,6.405555555555555,70.38333333333334,0.6505555555555556,681799196.2777778,5.682222222222222,0.5661111111111111,0.4783333333333333,12.201666666666666,55.02166666666667,5.759444444444444
UK,2008,58.4985,0.41550000000000004,45.6305,0.7344999999999999,73.6975,0.472,27730.470500000003,0.1505,5.6475,64.7825,40.6705,66.1885,6.5485,71.0815,0.43150000000000005,714511997.7,5.866,0.524,0.40449999999999997,10.679,66.8705,6.811
UK,2009,64.91312500000001,0.521875,49.2675,0.68625,74.10249999999999,0.4375,23899.99375,0.146875,6.245625,67.266875,41.923125,75.249375,5.953125,60.26375,0.605,926822150.8125,6.479375,0.449375,0.574375,10.4875,56.091875,5.781875
UK,2010,67.22227272727274,0.4936363636363636,54.63999999999999,0.7445454545454545,83.08181818181818,0.4763636363636364,31823.767272727273,0.23727272727272727,5.569545454545454,67.11727272727272,42.99318181818182,70.3790909090909,5.962272727272727,70.41636363636364,0.5695454545454545,587622371.1818181,5.208636363636364,0.5740909090909091,0.5395454545454546,11.753636363636362,67.10772727272727,6.026818181818182
UK,2011,60.363157894736844,0.5131578947368421,44.63789473684211,0.7663157894736843,76.1136842105263,0.6010526315789474,33504.15315789474,0.15473684210526314,5.564736842105264,66.63105263157895,39.55368421052631,65.27736842105263,6.822631578947369,69.47052631578947,0.6573684210526316,810378679.4736842,5.447894736842105,0.5705263157894737,0.4194736842105263,12.59842105263158,65.38315789473684,6.658947368421052
UK,2012,69.12526315789474,0.5457894736842105,43.146842105263154,0.7352631578947368,67.64894736842105,0.5568421052631579,33379.03578947368,0.12210526315789473,5.401578947368421,69.57578947368421,39.66,68.76052631578948,6.945263157894737,76.13421052631578,0.5821052631578948,833338063.5263158,6.185263157894736,0.49105263157894735,0.5252631578947369,9.468947368421052,52.76842105263158,6.07578947368421
UK,2013,69.8064705882353,0.4641176470588235,40.692352941176466,0.7770588235294117,73.72294117647058,0.6858823529411765,33392.94470588235,0.16411764705882353,5.08,68.10352941176471,39.74470588235294,69.2564705882353,6.561764705882353,63.65,0.5029411764705882,857634385.9411764,5.300588235294118,0.43941176470588234,0.48588235294117643,11.352352941176472,57.77235294117647,5.425294117647059
UK,2014,65.17333333333333,0.5480952380952381,42.44904761904762,0.7980952380952382,82.10142857142857,0.48571428571428565,30685.192857142858,0.10714285714285714,5.352380952380953,67.59571428571428,40.34952380952381,65.79523809523809,6.212857142857143,66.55095238095238,0.35809523809523813,848234786.5714285,6.881904761904762,0.5652380952380952,0.45809523809523817,11.854285714285714,61.088571428571434,5.86
UK,2015,66.24549999999999,0.5545,47.903,0.8225,69.87950000000001,0.462,29617.395,0.1685,5.74,67.393,38.0265,64.2795,6.397,69.8395,0.5730000000000001,691688680.25,6.537000000000001,0.5085,0.5595,11.935500000000001,53.274,5.8235
UK,2016,71.49285714285713,0.5700000000000001,52.415238095238095,0.7766666666666666,69.65,0.5895238095238095,33347.915714285715,0.1180952380952381,5.4347619047619045,65.27619047619048,34.89380952380952,70.01619047619047,6.320952380952382,70.93666666666667,0.4976190476190477,826080237.6190476,5.66952380952381,0.5647619047619047,0.41857142857142854,11.054285714285715,59.770476190476195,6.822857142857143
UK,2017,66.8092,0.4052,46.70399999999999,0.7731999999999999,72.08,0.46,36169.4536,0.1124,5.102799999999999,65.0364,39.0932,62.891999999999996,6.7876,69.6528,0.522,736356076.84,6.6228,0.4644,0.6736,11.6472,54.352799999999995,5.648
UK,2018,61.24636363636363,0.4354545454545455,59.31272727272728,0.6927272727272727,66.0490909090909,0.4445454545454546,32544.085454545453,0.06454545454545454,5.2736363636363635,66.33545454545455,38.04545454545455,64.20181818181818,6.007272727272727,71.59818181818183,0.39909090909090905,785361789.4545455,5.301818181818182,0.44272727272727275,0.4981818181818182,11.734545454545456,59.17636363636363,6.085454545454545
UK,2019,63.63555555555555,0.3959259259259259,49.07296296296296,0.7588888888888888,72.94407407407408,0.5737037037037037,26133.475555555553,0.1262962962962963,5.29074074074074,67.56111111111112,40.82259259259259,69.87777777777778,6.45925925925926,67.46333333333334,0.5462962962962963,708534594.7037038,5.712222222222222,0.5303703703703704,0.5407407407407407,10.323703703703703,55.525555555555556,5.985555555555556
UK,2020,68.71142857142857,0.5014285714285714,47.69285714285714,0.7566666666666667,70.06142857142856,0.4852380952380952,32240.89238095238,0.20523809523809522,5.794285714285714,67.36142857142856,35.48047619047619,63.44523809523809,6.744285714285714,69.47333333333333,0.5638095238095238,753958306.9047619,4.708095238095238,0.44190476190476186,0.5809523809523809,11.20142857142857,56.510000000000005,6.088095238095238
UK,2021,66.15666666666667,0.5048148148148148,48.98518518518518,0.7437037037037036,76.07074074074073,0.485925925925926,28945.817777777782,0.16333333333333333,5.195185185185186,68.88259259259259,37.64,69.48592592592593,7.09037037037037,67.75185185185185,0.5837037037037037,656246126.4074074,6.261111111111112,0.5281481481481481,0.5518518518518518,11.238888888888889,57.955555555555556,5.783703703703703
UK,2022,61.028888888888886,0.5766666666666667,38.77611111111111,0.7522222222222221,76.83888888888889,0.5388888888888889,29102.548333333332,0.05611111111111111,5.274444444444445,68.88666666666667,38.55611111111111,69.49222222222221,6.925000000000001,68.30722222222222,0.4255555555555556,757613174.7777778,6.535,0.5533333333333332,0.5438888888888889,9.772222222222222,55.76166666666667,5.827222222222222
UK,2023,66.404,0.5905,53.280499999999996,0.6755,72.175,0.5690000000000001,28185.382,0.0435,5.375500000000001,68.6755,40.086,72.899,6.406999999999999,68.9005,0.568,851547283.45,5.795,0.4525,0.4715,12.370999999999999,59.4285,5.346500000000001
UK,2024,71.01619047619047,0.5357142857142857,47.07857142857143,0.7533333333333333,79.2252380952381,0.3909523809523809,31323.826666666668,0.09285714285714286,5.281428571428571,68.0147619047619,36.95857142857143,71.41000000000001,6.741904761904761,69.4,0.41857142857142854,787623722.7142857,6.758095238095238,0.5933333333333333,0.5576190476190477,10.388095238095238,60.90047619047618,6.304285714285713
USA,2005,67.69800000000001,0.4984,42.66479999999999,0.7631999999999999,73.8356,0.474,28915.4544,0.1392,5.4472000000000005,66.65559999999999,43.455600000000004,66.7824,6.7728,74.42,0.47240000000000004,685503270.28,5.5388,0.44880000000000003,0.49119999999999997,10.7656,54.3016,5.9808
USA,2006,61.809583333333336,0.5008333333333334,53.611250000000005,0.7341666666666667,79.64833333333333,0.5254166666666666,27827.83375,0.15583333333333335,5.455416666666667,70.24,37.96,71.77416666666666,6.57125,68.85,0.5029166666666667,956494909.3333334,6.16125,0.5591666666666667,0.47291666666666665,11.122083333333334,64.40416666666667,6.155833333333334
USA,2007,66.05434782608695,0.5134782608695653,44.64260869565217,0.7343478260869566,73.22391304347826,0.542608695652174,29275.784347826087,0.12782608695652173,5.3539130434782605,66.11652173913043,40.03739130434783,69.45,6.388695652173913,71.78478260869565,0.3739130434782609,771490093.7826087,6.781739130434782,0.46956521739130436,0.47043478260869565,11.883478260869564,64.20304347826087,6.05913043478261
USA,2008,61.676842105263155,0.47789473684210526,43.48368421052631,0.7542105263157894,75.24263157894737,0.5021052631578947,26474.952631578944,0.10736842105263159,6.1010526315789475,71.49894736842106,38.78368421052632,65.50315789473684,6.253684210526315,72.69473684210527,0.47631578947368425,936080594.1578947,6.101578947368421,0.5305263157894737,0.5457894736842105,8.699473684210526,62.02,5.849473684210526
USA,2009,72.987,0.5589999999999999,42.7205,0.7065,71.28,0.5575,31379.767,0.188,5.6215,70.479,40.1605,67.16499999999999,6.670999999999999,71.961,0.47700000000000004,649968582.35,5.3065,0.4615,0.5,11.4255,64.717,6.1025
USA,2010,64.84,0.53875,47.8025,0.769375,75.969375,0.534375,34887.22375,0.13625,5.94125,64.04625,38.025,67.75125,6.801875,63.91375,0.538125,493912189.375,6.094375,0.540625,0.514375,9.638125,64.559375,5.724375
USA,2011,58.16727272727273,0.43454545454545457,48.18454545454545,0.7618181818181818,79.205,0.6022727272727273,27425.19136363636,0.1759090909090909,5.246818181818182,69.31727272727272,40.36136363636364,70.74272727272727,5.7290909090909095,68.23409090909091,0.5568181818181818,706737535.5,5.8122727272727275,0.5381818181818182,0.5095454545454546,11.863181818181818,61.76727272727273,6.246363636363636
USA,2012,55.0,0.6242857142857143,46.77357142857143,0.7335714285714285,84.35428571428572,0.52,34524.055714285714,0.1757142857142857,5.367142857142857,64.70928571428571,38.65642857142858,66.14214285714286,7.018571428571428,71.65642857142858,0.5228571428571429,899560804.9285715,4.7092857142857145,0.5164285714285715,0.545,8.509285714285713,58.53214285714286,5.757857142857143
USA,2013,74.02583333333332,0.5808333333333333,37.251666666666665,0.8083333333333332,75.39583333333333,0.5354166666666667,24573.465833333335,0.08958333333333333,4.966666666666667,69.30916666666667,34.85541666666666,69.61083333333333,6.5058333333333325,71.08916666666667,0.5670833333333333,730378084.25,6.479583333333333,0.4483333333333333,0.46541666666666665,11.364166666666668,62.298750000000005,5.646666666666667
USA,2014,65.29650000000001,0.615,49.8245,0.7255,69.5485,0.4965,30811.8615,0.1705,5.095000000000001,72.7495,44.570499999999996,72.182,7.109,71.291,0.567,764554030.6,5.5485,0.49749999999999994,0.4445,12.203,61.361000000000004,6.154999999999999
USA,2015,66.67318181818182,0.46318181818181814,46.36818181818182,0.7695454545454545,76.97727272727273,0.5854545454545454,27681.247727272726,0.165,5.907272727272727,69.49772727272727,38.97409090909091,68.52136363636363,6.145909090909091,68.86772727272727,0.4422727272727273,782709006.7272727,5.975,0.4509090909090909,0.42772727272727273,11.07090909090909,56.74272727272727,6.084090909090909
USA,2016,63.048333333333325,0.4838888888888889,42.00833333333333,0.7633333333333333,72.00722222222223,0.5305555555555556,35229.349444444444,0.13166666666666668,5.36,71.76222222222222,39.211666666666666,75.155,6.283888888888889,73.17944444444444,0.45611111111111113,651152329.8888888,5.940555555555555,0.4822222222222222,0.5244444444444444,10.476666666666667,57.478888888888896,5.346111111111111
USA,2017,62.83416666666667,0.5158333333333334,48.01291666666666,0.7725,73.39708333333333,0.48583333333333334,32443.5575,0.12625,5.426666666666667,66.245,41.395833333333336,73.125,6.129583333333334,67.99708333333334,0.41,749175583.9583334,5.897083333333334,0.5804166666666667,0.45,11.450000000000001,63.12291666666667,6.105416666666667
USA,2018,66.51842105263158,0.5684210526315789,47.75842105263158,0.7621052631578947,77.92105263157895,0.5147368421052632,32420.05684210526,0.11789473684210525,5.564736842105264,67.67052631578947,40.49526315789473,66.79052631578948,7.148421052631579,67.21894736842106,0.48052631578947375,602628162.8947369,6.01,0.5126315789473684,0.5178947368421053,10.656842105263157,65.32263157894738,5.177368421052631
USA,2019,68.05260869565218,0.5052173913043478,50.13347826086956,0.7356521739130436,75.74391304347827,0.5091304347826087,31964.41956521739,0.15999999999999998,5.421304347826087,68.5604347826087,39.364347826086956,66.3508695652174,6.4799999999999995,72.1304347826087,0.5256521739130434,784521526.0434783,6.434782608695652,0.44826086956521743,0.48869565217391303,9.927826086956522,61.16739130434783,5.880434782608695
USA,2020,55.56,0.44166666666666665,44.359583333333326,0.7925,76.73416666666667,0.5333333333333333,28603.595416666667,0.16208333333333333,5.2716666666666665,68.69416666666667,37.42208333333333,71.21541666666667,6.984999999999999,68.11583333333333,0.4608333333333334,746641697.3333334,5.592083333333334,0.4791666666666667,0.49416666666666664,13.001666666666665,59.62833333333333,6.2754166666666675
USA,2021,67.48608695652175,0.52,52.73434782608695,0.7065217391304348,77.13347826086957,0.41391304347826086,27768.738260869566,0.15739130434782608,6.193478260869565,67.82260869565218,43.584782608695654,65.18347826086956,6.189565217391304,76.1295652173913,0.4895652173913043,809493989.0869565,5.960434782608695,0.47130434782608693,0.6295652173913043,12.67086956521739,55.24173913043478,6.153478260869565
USA,2022,64.2688888888889,0.5214814814814814,38.97333333333333,0.7437037037037036,71.13074074074073,0.5662962962962963,32318.473703703705,0.14,5.83037037037037,69.41777777777777,42.779629629629625,61.07740740740741,6.6755555555555555,78.86185185185185,0.4955555555555556,750477443.4814814,5.602962962962963,0.42814814814814817,0.4596296296296296,9.208888888888888,62.74777777777778,6.167037037037037
USA,2023,60.46809523809524,0.5038095238095238,42.794761904761906,0.7295238095238096,72.16428571428571,0.5604761904761905,34045.11666666666,0.16857142857142857,5.465714285714286,61.77333333333333,41.85809523809524,65.69666666666667,6.005714285714286,66.83761904761904,0.42333333333333334,738477063.6666666,6.668095238095238,0.46476190476190476,0.5342857142857143,11.015238095238095,56.519047619047626,6.246190476190476
USA,2024,60.900000000000006,0.6628571428571428,42.460952380952385,0.741904761904762,73.01666666666667,0.4495238095238095,34432.53285714286,0.09142857142857143,5.072857142857143,67.95142857142858,36.48095238095238,71.82285714285715,6.712857142857143,69.57380952380952,0.5195238095238095,847154829.0952381,7.103333333333334,0.44047619047619047,0.4809523809523809,10.604761904761904,63.30428571428572,5.776190476190476
